word,count
화학물질,4
유해,4
민원,4
관련,4
화학물질안전원,4
이상,3
저희,3
사고,3
경우,3
안전,3
대한,3
질의,2
신고,2
번호,2
오늘,2
장외,2
신청,2
생각,2
이유,2
사람,2
전화,2
평가,2
화가,2
통화,2
모두,2
시스템,2
계속,2
작성,2
영향,2
위해,2
처음,2
허가,2
기관,2
검사,2
그냥,2
해당,2
통해,2
소개,2
작업,2
주지,2
혹시,2
직접,2
무시,2
조치,2
모든,2
장비,2
시기,2
취급,2
영업,2
사용,2
고시,2
물질,2
내용,2
안전교육,1
종사,1
주가,1
자진,1
회원,1
화관,1
듯이,1
그때,1
교육,1
자체,1
답변,1
자기,1
작년,1
업무,1
업주,1
대충,1
거의,1
화거,1
부서,1
주로,1
등록증,1
그다음,1
짜증,1
대답,1
한강,1
정말,1
하나,1
역시,1
설명,1
이후,1
사업,1
처리,1
제출,1
연결,1
홈페이지,1
유역,1
말투,1
전화번호,1
질문,1
나이,1
하니,1
사업자,1
안해,1
가입,1
부담,1
응대,1
연수,1
환경,1
인터넷,1
위반,1
번은,1
인력,1
건설,1
마치,1
짐작,1
내용증명,1
대신,1
공사,1
첨단,1
사장,1
대표,1
요지부동,1
임금,1
노고,1
지급,1
근로자,1
조사해,1
문제,1
관리,1
여러,1
현장,1
발주,1
귀청,1
전반,1
지금껏,1
목수,1
개발,1
고용,1
오송,1
근로,1
적도,1
위험,1
기술자,1
일당,1
종합,1
로부터,1
감사,1
불공정,1
체불,1
보고,1
동서,1
제기,1
노동,1
매월,1
불법,1
달라,1
신축,1
귀중,1
지금,1
미납,1
부분,1
욕설,1
충북,1
땜빵,1
본인,1
직업,1
참고,1
감독,1
런가,1
모욕,1
불합리,1
그날,1
역청,1
산업부,1
독촉,1
폭언,1
첨부,1
차례,1
청소,1
기도,1
대해,1
사실,1
파일,1
자유,1
일부,1
기존,1
국립,1
시설,1
신규,1
기간,1
운영,1
환경과학,1
이내,1
개정,1
유독,1
설치,1
지정,1
문의,1
당사,1
경과,1
기한,1
개월,1
확인,1
자임,1
시행,1
수입,1
부칙,1
착용,1
전면,1
보호,1
적합,1
무엇,1
호흡,1
혼합,1
비물질,1
별표,1
도용,1
아황산,1
할로겐,1
유기화합물,1
개인,1
로서,1
가정,1
메탄올,1
다용,1
화의,1
황화수소,1
시안화수소,1
암모니아,1
체결,1
자의,1
산장,1
규정,1
종류,1
장구,1
중농,1
방독마스크,1
하루,1
알칼리,1
정화,1
인지,1
함유,1
장갑,1
마스크,1
구분,1
미만,1
보호복,1
화생방,1
상해,1
국가,1
방지,1
조금,1
도대체,1
대통령,1
한국,1
규격,1
이청수,1
운용,1
과정,1
공공기관,1
공조,1
관심,1
경호처,1
업체,1
요구,1
국민,1
연락,1
드릴,1
인명,1
테러,1
자료,1
체계,1
최소,1
나라장터,1
구매,1
대국민,1
공고,1
홍보,1
의심,1
수요,1
조사,1
현재,1
조달,1
이해,1
주의,1
나중,1
의도,1
관계,1
안녕하십니까,1
신제품,1
공통,1
대응,1
제안,1
환경부,1
도움,1
사이트,1
제품,1
인정,1
가요,1
다시,1
피해,1
또한,1
상대방,1
백인,1
잘못,1
상한,1
기분,1
유관,1
공급,1
전화통화,1
원자력,1
이메일,1
기술,1
주요,1
물품,1
총괄,1
억지로,1
담당자,1
대상,1
훈련,1
회사,1
소방,1
일방,1
어차피,1
브로,1
품목,1
