word,count
화학물질,5
민원,4
유해화학물질,4
관련,4
화학물질안전원,4
저희,3
이상,3
안전,3
경우,3
대한,3
질의,2
취급시설,2
모두,2
기관,2
허가,2
오늘,2
처음,2
장외영향평가,2
그냥,2
전화,2
신고,2
위해,2
이유,2
신청,2
검사,2
해당,2
번호,2
화가,2
계속,2
생각,2
사람,2
시스템,2
통화,2
작성,2
직접,2
소개,2
조치,2
모든,2
시기,2
작업,2
주지,2
혹시,2
무시,2
통해,2
장비,2
사고,2
영업,2
사용,2
고시,2
내용,2
종사,1
안전교육,1
주로,1
질문,1
대답,1
연결,1
듯이,1
교육,1
번은,1
나이,1
전화번호,1
이후,1
설명,1
연수,1
사업,1
말투,1
회원,1
짜증,1
화거,1
유역,1
주가,1
사업자,1
거의,1
자기,1
부담,1
부서,1
업주,1
등록증,1
자진,1
업무,1
역시,1
하니,1
환경,1
화학물질관리법,1
대충,1
그다음,1
자체,1
처리,1
안해,1
한강,1
위반,1
가입,1
답변,1
제출,1
홈페이지,1
하나,1
그때,1
작년,1
정말,1
응대,1
인터넷,1
청소,1
건설,1
노고,1
요지부동,1
산업부,1
위험,1
본인,1
목수,1
로부터,1
기도,1
동서,1
기술자,1
고용,1
귀청,1
제기,1
사실,1
미납,1
불법,1
일당,1
보고,1
땜빵,1
조사해,1
감사,1
지급,1
지금껏,1
그날,1
차례,1
적도,1
짐작,1
달라,1
욕설,1
인력,1
관리,1
공사,1
내용증명,1
근로자,1
대해,1
신축,1
역청,1
대신,1
지금,1
첨부,1
노동,1
마치,1
문제,1
발주,1
전반,1
감독,1
독촉,1
불합리,1
체불,1
참고,1
근로,1
대표,1
개발,1
우신종합건설,1
임금,1
매월,1
충북,1
모욕,1
부분,1
귀중,1
첨단,1
오송,1
자유,1
사장,1
직업,1
파일,1
런가,1
현장,1
폭언,1
불공정,1
여러,1
개정,1
자임,1
신규,1
당사,1
기존,1
일부,1
부칙,1
설치,1
기간,1
경과,1
환경과학,1
개월,1
유독물질,1
기한,1
지정,1
확인,1
수입,1
운영,1
이내,1
시행,1
문의,1
국립,1
별표,1
구분,1
적합,1
물질,1
할로겐,1
미만,1
착용,1
중농,1
황화수소,1
로서,1
마스크,1
종류,1
자의,1
보호,1
호흡,1
가정,1
함유,1
알칼리,1
시안화수소,1
규정,1
취급,1
다용,1
아황산,1
무엇,1
메탄올,1
정화,1
체결,1
방독마스크,1
하루,1
보호복,1
사고대비물질,1
유기화합물,1
전면,1
화의,1
개인보호장구,1
암모니아,1
장갑,1
혼합,1
산장,1
도용,1
인지,1
대상,1
유관,1
억지로,1
이메일,1
가요,1
소방,1
사이트,1
운용,1
규격,1
공통,1
관심,1
대응,1
도대체,1
나라장터,1
피해,1
조사,1
신제품,1
인명,1
백인,1
상한,1
최소,1
요구,1
방지,1
상해,1
공고,1
제안,1
담당자,1
훈련,1
한국,1
구매,1
총괄,1
화생방,1
국민,1
환경부,1
현재,1
제품,1
체계,1
브로,1
과정,1
나중,1
안녕하십니까,1
자료,1
수요,1
드릴,1
어차피,1
홍보,1
조금,1
기술,1
조달,1
잘못,1
이청수,1
공급,1
상대방,1
전화통화,1
경호처,1
연락,1
공조,1
대통령,1
테러,1
도움,1
관계,1
주의,1
원자력,1
이해,1
품목,1
국가,1
공공기관,1
일방,1
물품,1
의심,1
업체,1
회사,1
다시,1
주요,1
기분,1
또한,1
인정,1
대국민,1
의도,1
